<?xml version="1.0" encoding="UTF-8"?>
<project-private xmlns="http://www.netbeans.org/ns/project-private/1">
    <editor-bookmarks xmlns="http://www.netbeans.org/ns/editor-bookmarks/2" lastBookmarkId="0"/>
    <open-files xmlns="http://www.netbeans.org/ns/projectui-open-files/2">
        <group>
            <file>file:/C:/Users/Carlos/Documents/Metodos2/src/metodos/Bolitte.java</file>
            <file>file:/C:/Users/Carlos/Documents/Metodos2/src/metodos/factorizacion.java</file>
            <file>file:/C:/Users/Carlos/Documents/Metodos2/src/metodos/m1.java</file>
            <file>file:/C:/Users/Carlos/Documents/Metodos2/src/metodos/Seidel.java</file>
            <file>file:/C:/Users/Carlos/Documents/Metodos2/src/metodos/Biseccion.java</file>
            <file>file:/C:/Users/Carlos/Documents/Metodos2/src/metodos/B2.java</file>
            <file>file:/C:/Users/Carlos/Documents/Metodos2/src/metodos/metodo.java</file>
            <file>file:/C:/Users/Carlos/Documents/Metodos2/src/metodos/prie.java</file>
            <file>file:/C:/Users/Carlos/Documents/Metodos2/src/metodos/Falsa3.java</file>
            <file>file:/C:/Users/Carlos/Documents/Metodos2/src/metodos/EcuacionesNolinea.java</file>
            <file>file:/C:/Users/Carlos/Documents/Metodos2/src/metodos/salir.java</file>
            <file>file:/C:/Users/Carlos/Documents/Metodos2/src/metodos/Gauss.java</file>
            <file>file:/C:/Users/Carlos/Documents/Metodos2/src/metodos/K.java</file>
            <file>file:/C:/Users/Carlos/Documents/Metodos2/src/metodos/menu.java</file>
            <file>file:/C:/Users/Carlos/Documents/Metodos2/src/metodos/SMM2.java</file>
            <file>file:/C:/Users/Carlos/Documents/Metodos2/src/metodos/Falsa2.java</file>
            <file>file:/C:/Users/Carlos/Documents/Metodos2/src/metodos/Falsa.java</file>
            <file>file:/C:/Users/Carlos/Documents/Metodos2/src/metodos/F1.java</file>
            <file>file:/C:/Users/Carlos/Documents/Metodos2/src/metodos/ENL1.java</file>
            <file>file:/C:/Users/Carlos/Documents/Metodos2/src/metodos/EL1.java</file>
            <file>file:/C:/Users/Carlos/Documents/Metodos2/src/metodos/Crout.java</file>
            <file>file:/C:/Users/Carlos/Documents/Metodos2/src/metodos/K2.java</file>
            <file>file:/C:/Users/Carlos/Documents/Metodos2/src/metodos/Ecuacioneslinea.java</file>
            <file>file:/C:/Users/Carlos/Documents/Metodos2/src/metodos/Biseccion2.java</file>
            <file>file:/C:/Users/Carlos/Documents/Metodos2/src/metodos/Newton.java</file>
            <file>file:/C:/Users/Carlos/Documents/Metodos2/src/metodos/Metodos.java</file>
            <file>file:/C:/Users/Carlos/Documents/Metodos2/src/metodos/SIMM.java</file>
            <file>file:/C:/Users/Carlos/Documents/Metodos2/src/metodos/Falsa4.java</file>
            <file>file:/C:/Users/Carlos/Documents/Metodos2/src/metodos/Jacobi.java</file>
            <file>file:/C:/Users/Carlos/Documents/Metodos2/src/metodos/Secante.java</file>
            <file>file:/C:/Users/Carlos/Documents/Metodos2/src/metodos/Jordan.java</file>
            <file>file:/C:/Users/Carlos/Documents/Metodos2/src/metodos/Gauss2.java</file>
        </group>
    </open-files>
</project-private>
